file	percent	reads	taxon_id	taxon_name
./kaiju/13697_32712_179493_H5LVWAFX5_CROPPS_18N_CTTAATAG.out	43.088364	9669509	2837506	Niallia
./kaiju/13697_32712_179493_H5LVWAFX5_CROPPS_18N_CTTAATAG.out	1.322942	296883	1386	Bacillus
./kaiju/13697_32712_179493_H5LVWAFX5_CROPPS_18N_CTTAATAG.out	0.639607	143535	482460	Sediminibacillus
./kaiju/13697_32712_179493_H5LVWAFX5_CROPPS_18N_CTTAATAG.out	0.520313	116764	2675229	Peribacillus
./kaiju/13697_32712_179493_H5LVWAFX5_CROPPS_18N_CTTAATAG.out	0.411383	92319	51196	Syntrophobotulus
./kaiju/13697_32712_179493_H5LVWAFX5_CROPPS_18N_CTTAATAG.out	0.279082	62629	1350	Enterococcus
./kaiju/13697_32712_179493_H5LVWAFX5_CROPPS_18N_CTTAATAG.out	0.204767	45952	1485	Clostridium
./kaiju/13697_32712_179493_H5LVWAFX5_CROPPS_18N_CTTAATAG.out	0.169524	38043	2675231	Mesobacillus
./kaiju/13697_32712_179493_H5LVWAFX5_CROPPS_18N_CTTAATAG.out	0.166364	37334	1569	Sporosarcina
./kaiju/13697_32712_179493_H5LVWAFX5_CROPPS_18N_CTTAATAG.out	0.145278	32602	44249	Paenibacillus
./kaiju/13697_32712_179493_H5LVWAFX5_CROPPS_18N_CTTAATAG.out	0.143741	32257	28895	Thermoanaerobacterium
./kaiju/13697_32712_179493_H5LVWAFX5_CROPPS_18N_CTTAATAG.out	0.116523	26149	400634	Lysinibacillus
./kaiju/13697_32712_179493_H5LVWAFX5_CROPPS_18N_CTTAATAG.out	0.089933	20182	2675233	Metabacillus
./kaiju/13697_32712_179493_H5LVWAFX5_CROPPS_18N_CTTAATAG.out	0.081627	18318	2888809	Novisyntrophococcus
./kaiju/13697_32712_179493_H5LVWAFX5_CROPPS_18N_CTTAATAG.out	0.079582	17859	2675230	Cytobacillus
./kaiju/13697_32712_179493_H5LVWAFX5_CROPPS_18N_CTTAATAG.out	0.069756	15654	2719231	Lacrimispora
./kaiju/13697_32712_179493_H5LVWAFX5_CROPPS_18N_CTTAATAG.out	0.069087	15504	1301	Streptococcus
./kaiju/13697_32712_179493_H5LVWAFX5_CROPPS_18N_CTTAATAG.out	0.063205	14184	2675232	Neobacillus
./kaiju/13697_32712_179493_H5LVWAFX5_CROPPS_18N_CTTAATAG.out	0.049547	11119	2800373	Priestia
./kaiju/13697_32712_179493_H5LVWAFX5_CROPPS_18N_CTTAATAG.out	0.049031	11003	13687	Sphingomonas
./kaiju/13697_32712_179493_H5LVWAFX5_CROPPS_18N_CTTAATAG.out	0.048692	10927	2804231	Lederbergia
./kaiju/13697_32712_179493_H5LVWAFX5_CROPPS_18N_CTTAATAG.out	0.048567	10899	1470540	Jeotgalibaca
./kaiju/13697_32712_179493_H5LVWAFX5_CROPPS_18N_CTTAATAG.out	0.046932	10532	1372	Planococcus
./kaiju/13697_32712_179493_H5LVWAFX5_CROPPS_18N_CTTAATAG.out	0.041723	9363	160795	Ureibacillus
./kaiju/13697_32712_179493_H5LVWAFX5_CROPPS_18N_CTTAATAG.out	0.034624	7770	561	Escherichia
./kaiju/13697_32712_179493_H5LVWAFX5_CROPPS_18N_CTTAATAG.out	0.032859	7374	2893055	Halalkalibacterium (ex Joshi et al. 2022)
./kaiju/13697_32712_179493_H5LVWAFX5_CROPPS_18N_CTTAATAG.out	0.030168	6770	2837504	Heyndrickxia
./kaiju/13697_32712_179493_H5LVWAFX5_CROPPS_18N_CTTAATAG.out	0.028354	6363	1906945	Parageobacillus
./kaiju/13697_32712_179493_H5LVWAFX5_CROPPS_18N_CTTAATAG.out	0.027124	6087	2837508	Rossellomorea
./kaiju/13697_32712_179493_H5LVWAFX5_CROPPS_18N_CTTAATAG.out	0.023689	5316	2767887	Ligilactobacillus
./kaiju/13697_32712_179493_H5LVWAFX5_CROPPS_18N_CTTAATAG.out	0.022780	5112	286	Pseudomonas
./kaiju/13697_32712_179493_H5LVWAFX5_CROPPS_18N_CTTAATAG.out	0.022133	4967	83770	Succinivibrio
./kaiju/13697_32712_179493_H5LVWAFX5_CROPPS_18N_CTTAATAG.out	0.020075	4505	1129704	Kyrpidia
./kaiju/13697_32712_179493_H5LVWAFX5_CROPPS_18N_CTTAATAG.out	0.018555	4164	432330	Tumebacillus
./kaiju/13697_32712_179493_H5LVWAFX5_CROPPS_18N_CTTAATAG.out	0.018087	4059	55080	Brevibacillus
./kaiju/13697_32712_179493_H5LVWAFX5_CROPPS_18N_CTTAATAG.out	0.017267	3875	2837511	Sutcliffiella
./kaiju/13697_32712_179493_H5LVWAFX5_CROPPS_18N_CTTAATAG.out	0.013520	3034	2837485	Evansella
./kaiju/13697_32712_179493_H5LVWAFX5_CROPPS_18N_CTTAATAG.out	0.011265	2528	570	Klebsiella
./kaiju/13697_32712_179493_H5LVWAFX5_CROPPS_18N_CTTAATAG.out	0.009679	2172	1055323	Aeribacillus
./kaiju/13697_32712_179493_H5LVWAFX5_CROPPS_18N_CTTAATAG.out	0.008480	1903	2675234	Alkalihalobacillus
./kaiju/13697_32712_179493_H5LVWAFX5_CROPPS_18N_CTTAATAG.out	0.007442	1670	648800	Solibacillus
./kaiju/13697_32712_179493_H5LVWAFX5_CROPPS_18N_CTTAATAG.out	0.007206	1617	704093	Anaerobacillus
./kaiju/13697_32712_179493_H5LVWAFX5_CROPPS_18N_CTTAATAG.out	0.007023	1576	2920444	Mangrovibacillus
./kaiju/13697_32712_179493_H5LVWAFX5_CROPPS_18N_CTTAATAG.out	0.006938	1557	613	Serratia
./kaiju/13697_32712_179493_H5LVWAFX5_CROPPS_18N_CTTAATAG.out	0.006323	1419	441	Gluconobacter
./kaiju/13697_32712_179493_H5LVWAFX5_CROPPS_18N_CTTAATAG.out	0.005379	1207	1912216	Cutibacterium
./kaiju/13697_32712_179493_H5LVWAFX5_CROPPS_18N_CTTAATAG.out	0.005049	1133	79598	Heliorestis
./kaiju/13697_32712_179493_H5LVWAFX5_CROPPS_18N_CTTAATAG.out	0.004679	1050	329857	Cohnella
./kaiju/13697_32712_179493_H5LVWAFX5_CROPPS_18N_CTTAATAG.out	0.004559	1023	590	Salmonella
./kaiju/13697_32712_179493_H5LVWAFX5_CROPPS_18N_CTTAATAG.out	0.004559	1023	1843210	Anaerocolumna
./kaiju/13697_32712_179493_H5LVWAFX5_CROPPS_18N_CTTAATAG.out	0.004465	1002	1763	Mycobacterium
./kaiju/13697_32712_179493_H5LVWAFX5_CROPPS_18N_CTTAATAG.out	0.004425	993	45667	Halobacillus
./kaiju/13697_32712_179493_H5LVWAFX5_CROPPS_18N_CTTAATAG.out	0.003547	796	496496	Viridibacillus
./kaiju/13697_32712_179493_H5LVWAFX5_CROPPS_18N_CTTAATAG.out	0.003453	775	2651279	Pradoshia
./kaiju/13697_32712_179493_H5LVWAFX5_CROPPS_18N_CTTAATAG.out	0.003333	748	1609627	Hydrogenibacillus
./kaiju/13697_32712_179493_H5LVWAFX5_CROPPS_18N_CTTAATAG.out	0.003271	734	1329200	Fictibacillus
./kaiju/13697_32712_179493_H5LVWAFX5_CROPPS_18N_CTTAATAG.out	0.003164	710	2747	Carnobacterium
./kaiju/13697_32712_179493_H5LVWAFX5_CROPPS_18N_CTTAATAG.out	0.002995	672	200903	Paraliobacillus
./kaiju/13697_32712_179493_H5LVWAFX5_CROPPS_18N_CTTAATAG.out	0.002861	642	459532	Terribacillus
./kaiju/13697_32712_179493_H5LVWAFX5_CROPPS_18N_CTTAATAG.out	0.002794	627	2837503	Gottfriedia
./kaiju/13697_32712_179493_H5LVWAFX5_CROPPS_18N_CTTAATAG.out	0.002669	599	1253	Pediococcus
./kaiju/13697_32712_179493_H5LVWAFX5_CROPPS_18N_CTTAATAG.out	0.002665	598	648802	Rummeliibacillus
./kaiju/13697_32712_179493_H5LVWAFX5_CROPPS_18N_CTTAATAG.out	0.002616	587	129337	Geobacillus
./kaiju/13697_32712_179493_H5LVWAFX5_CROPPS_18N_CTTAATAG.out	0.002518	565	773	Bartonella
./kaiju/13697_32712_179493_H5LVWAFX5_CROPPS_18N_CTTAATAG.out	0.002504	562	1677050	Novibacillus
./kaiju/13697_32712_179493_H5LVWAFX5_CROPPS_18N_CTTAATAG.out	0.002460	552	1357	Lactococcus
./kaiju/13697_32712_179493_H5LVWAFX5_CROPPS_18N_CTTAATAG.out	0.002277	511	84406	Virgibacillus
./kaiju/13697_32712_179493_H5LVWAFX5_CROPPS_18N_CTTAATAG.out	0.001644	369	662	Vibrio
./kaiju/13697_32712_179493_H5LVWAFX5_CROPPS_18N_CTTAATAG.out	0.001626	365	2785518	Radiobacillus
./kaiju/13697_32712_179493_H5LVWAFX5_CROPPS_18N_CTTAATAG.out	0.001546	347	33986	Exiguobacterium
./kaiju/13697_32712_179493_H5LVWAFX5_CROPPS_18N_CTTAATAG.out	0.001520	341	150247	Anoxybacillus
./kaiju/13697_32712_179493_H5LVWAFX5_CROPPS_18N_CTTAATAG.out	0.001395	313	182709	Oceanobacillus
./kaiju/13697_32712_179493_H5LVWAFX5_CROPPS_18N_CTTAATAG.out	0.001377	309	74385	Gracilibacillus
./kaiju/13697_32712_179493_H5LVWAFX5_CROPPS_18N_CTTAATAG.out	0.001368	307	1221880	Psychrobacillus
./kaiju/13697_32712_179493_H5LVWAFX5_CROPPS_18N_CTTAATAG.out	0.001274	286	2817139	Weizmannia
./kaiju/13697_32712_179493_H5LVWAFX5_CROPPS_18N_CTTAATAG.out	0.001110	249	379	Rhizobium
./kaiju/13697_32712_179493_H5LVWAFX5_CROPPS_18N_CTTAATAG.out	0.001003	225	157226	Jeotgalibacillus
./kaiju/13697_32712_179493_H5LVWAFX5_CROPPS_18N_CTTAATAG.out	0.000994	223	651660	Paenisporosarcina
./kaiju/13697_32712_179493_H5LVWAFX5_CROPPS_18N_CTTAATAG.out	0.000909	204	114627	Alkaliphilus
./kaiju/13697_32712_179493_H5LVWAFX5_CROPPS_18N_CTTAATAG.out	0.000909	204	1348505	Polycladomyces
./kaiju/13697_32712_179493_H5LVWAFX5_CROPPS_18N_CTTAATAG.out	0.000900	202	171003	Caloranaerobacter
./kaiju/13697_32712_179493_H5LVWAFX5_CROPPS_18N_CTTAATAG.out	0.000887	199	2304693	Pseudoclostridium
./kaiju/13697_32712_179493_H5LVWAFX5_CROPPS_18N_CTTAATAG.out	0.000811	182	504465	Rhodovastum
./kaiju/13697_32712_179493_H5LVWAFX5_CROPPS_18N_CTTAATAG.out	0.000802	180	1279	Staphylococcus
./kaiju/13697_32712_179493_H5LVWAFX5_CROPPS_18N_CTTAATAG.out	0.000771	173	456492	Saccharibacillus
./kaiju/13697_32712_179493_H5LVWAFX5_CROPPS_18N_CTTAATAG.out	0.000726	163	1263	Ruminococcus
./kaiju/13697_32712_179493_H5LVWAFX5_CROPPS_18N_CTTAATAG.out	0.000633	142	551	Erwinia
./kaiju/13697_32712_179493_H5LVWAFX5_CROPPS_18N_CTTAATAG.out	0.000606	136	1649	Kurthia
./kaiju/13697_32712_179493_H5LVWAFX5_CROPPS_18N_CTTAATAG.out	0.000588	132	1730	Eubacterium
./kaiju/13697_32712_179493_H5LVWAFX5_CROPPS_18N_CTTAATAG.out	0.000588	132	29330	Alicyclobacillus
./kaiju/13697_32712_179493_H5LVWAFX5_CROPPS_18N_CTTAATAG.out	0.000557	125	1502725	Effusibacillus
./kaiju/13697_32712_179493_H5LVWAFX5_CROPPS_18N_CTTAATAG.out	0.000526	118	413496	Cronobacter
./kaiju/13697_32712_179493_H5LVWAFX5_CROPPS_18N_CTTAATAG.out	0.000521	117	75984	Mannheimia
./kaiju/13697_32712_179493_H5LVWAFX5_CROPPS_18N_CTTAATAG.out	0.000512	115	541	Zymomonas
./kaiju/13697_32712_179493_H5LVWAFX5_CROPPS_18N_CTTAATAG.out	0.000499	112	547	Enterobacter
./kaiju/13697_32712_179493_H5LVWAFX5_CROPPS_18N_CTTAATAG.out	0.000490	110	75	Caulobacter
./kaiju/13697_32712_179493_H5LVWAFX5_CROPPS_18N_CTTAATAG.out	0.000490	110	34037	Rahnella
./kaiju/13697_32712_179493_H5LVWAFX5_CROPPS_18N_CTTAATAG.out	0.000477	107	1817	Nocardia
./kaiju/13697_32712_179493_H5LVWAFX5_CROPPS_18N_CTTAATAG.out	0.000477	107	33870	Coriobacterium
./kaiju/13697_32712_179493_H5LVWAFX5_CROPPS_18N_CTTAATAG.out	0.000472	106	620	Shigella
./kaiju/13697_32712_179493_H5LVWAFX5_CROPPS_18N_CTTAATAG.out	0.000441	99	1716	Corynebacterium
./kaiju/13697_32712_179493_H5LVWAFX5_CROPPS_18N_CTTAATAG.out	0.000437	98	1276290	Caldibacillus
./kaiju/13697_32712_179493_H5LVWAFX5_CROPPS_18N_CTTAATAG.out	0.000428	96	1637	Listeria
./kaiju/13697_32712_179493_H5LVWAFX5_CROPPS_18N_CTTAATAG.out	0.000423	95	1578	Lactobacillus
./kaiju/13697_32712_179493_H5LVWAFX5_CROPPS_18N_CTTAATAG.out	0.000414	93	204037	Dickeya
./kaiju/13697_32712_179493_H5LVWAFX5_CROPPS_18N_CTTAATAG.out	0.000401	90	204447	Skermanella
./kaiju/13697_32712_179493_H5LVWAFX5_CROPPS_18N_CTTAATAG.out	0.000397	89	289201	Pontibacillus
./kaiju/13697_32712_179493_H5LVWAFX5_CROPPS_18N_CTTAATAG.out	0.000365	82	75654	Duganella
./kaiju/13697_32712_179493_H5LVWAFX5_CROPPS_18N_CTTAATAG.out	0.000343	77	102106	Collinsella
./kaiju/13697_32712_179493_H5LVWAFX5_CROPPS_18N_CTTAATAG.out	0.000339	76	191303	Turicibacter
./kaiju/13697_32712_179493_H5LVWAFX5_CROPPS_18N_CTTAATAG.out	0.000321	72	1839	Nocardioides
./kaiju/13697_32712_179493_H5LVWAFX5_CROPPS_18N_CTTAATAG.out	0.000312	70	28253	Marinomonas
./kaiju/13697_32712_179493_H5LVWAFX5_CROPPS_18N_CTTAATAG.out	0.000299	67	58050	Moritella
./kaiju/13697_32712_179493_H5LVWAFX5_CROPPS_18N_CTTAATAG.out	0.000290	65	2834348	Caproicibacterium
./kaiju/13697_32712_179493_H5LVWAFX5_CROPPS_18N_CTTAATAG.out	0.000285	64	237	Flavobacterium
./kaiju/13697_32712_179493_H5LVWAFX5_CROPPS_18N_CTTAATAG.out	0.000258	58	28228	Colwellia
./kaiju/13697_32712_179493_H5LVWAFX5_CROPPS_18N_CTTAATAG.out	0.000258	58	79206	Desulfosporosinus
./kaiju/13697_32712_179493_H5LVWAFX5_CROPPS_18N_CTTAATAG.out	0.000227	51	2893060	Alkalihalophilus
./kaiju/13697_32712_179493_H5LVWAFX5_CROPPS_18N_CTTAATAG.out	0.000223	50	83618	Pseudoxanthomonas
./kaiju/13697_32712_179493_H5LVWAFX5_CROPPS_18N_CTTAATAG.out	0.000223	50	1434042	Salisediminibacterium
./kaiju/13697_32712_179493_H5LVWAFX5_CROPPS_18N_CTTAATAG.out	0.000209	47	35798	Nitrosospira
./kaiju/13697_32712_179493_H5LVWAFX5_CROPPS_18N_CTTAATAG.out	0.000201	45	262	Francisella
./kaiju/13697_32712_179493_H5LVWAFX5_CROPPS_18N_CTTAATAG.out	0.000201	45	1884449	Salipaludibacillus
./kaiju/13697_32712_179493_H5LVWAFX5_CROPPS_18N_CTTAATAG.out	0.000192	43	105	Runella
./kaiju/13697_32712_179493_H5LVWAFX5_CROPPS_18N_CTTAATAG.out	0.000192	43	149698	Massilia
./kaiju/13697_32712_179493_H5LVWAFX5_CROPPS_18N_CTTAATAG.out	0.000187	42	2299	Desulfosarcina
./kaiju/13697_32712_179493_H5LVWAFX5_CROPPS_18N_CTTAATAG.out	0.000174	39	469	Acinetobacter
./kaiju/13697_32712_179493_H5LVWAFX5_CROPPS_18N_CTTAATAG.out	0.000174	39	1330547	Kosakonia
./kaiju/13697_32712_179493_H5LVWAFX5_CROPPS_18N_CTTAATAG.out	0.000174	39	2944627	Paenalkalicoccus
./kaiju/13697_32712_179493_H5LVWAFX5_CROPPS_18N_CTTAATAG.out	0.000169	38	544	Citrobacter
./kaiju/13697_32712_179493_H5LVWAFX5_CROPPS_18N_CTTAATAG.out	0.000169	38	2040	Aeromicrobium
./kaiju/13697_32712_179493_H5LVWAFX5_CROPPS_18N_CTTAATAG.out	0.000169	38	160674	Raoultella
./kaiju/13697_32712_179493_H5LVWAFX5_CROPPS_18N_CTTAATAG.out	0.000165	37	54066	Xylophilus
./kaiju/13697_32712_179493_H5LVWAFX5_CROPPS_18N_CTTAATAG.out	0.000165	37	1649459	Hungatella
./kaiju/13697_32712_179493_H5LVWAFX5_CROPPS_18N_CTTAATAG.out	0.000156	35	1663	Arthrobacter
./kaiju/13697_32712_179493_H5LVWAFX5_CROPPS_18N_CTTAATAG.out	0.000156	35	2749267	Amedibacterium
./kaiju/13697_32712_179493_H5LVWAFX5_CROPPS_18N_CTTAATAG.out	0.000152	34	338	Xanthomonas
./kaiju/13697_32712_179493_H5LVWAFX5_CROPPS_18N_CTTAATAG.out	0.000147	33	28050	Lachnospira
./kaiju/13697_32712_179493_H5LVWAFX5_CROPPS_18N_CTTAATAG.out	0.000147	33	122277	Pectobacterium
./kaiju/13697_32712_179493_H5LVWAFX5_CROPPS_18N_CTTAATAG.out	0.000147	33	2845254	Breznakiella
./kaiju/13697_32712_179493_H5LVWAFX5_CROPPS_18N_CTTAATAG.out	0.000138	31	2316020	Mediterraneibacter
./kaiju/13697_32712_179493_H5LVWAFX5_CROPPS_18N_CTTAATAG.out	0.000134	30	2901164	Stutzerimonas
./kaiju/13697_32712_179493_H5LVWAFX5_CROPPS_18N_CTTAATAG.out	0.000125	28	2053	Gordonia
./kaiju/13697_32712_179493_H5LVWAFX5_CROPPS_18N_CTTAATAG.out	0.000125	28	29331	Amphibacillus
./kaiju/13697_32712_179493_H5LVWAFX5_CROPPS_18N_CTTAATAG.out	0.000125	28	351195	Salimicrobium
./kaiju/13697_32712_179493_H5LVWAFX5_CROPPS_18N_CTTAATAG.out	0.000120	27	1654	Actinomyces
./kaiju/13697_32712_179493_H5LVWAFX5_CROPPS_18N_CTTAATAG.out	0.000120	27	572511	Blautia
./kaiju/13697_32712_179493_H5LVWAFX5_CROPPS_18N_CTTAATAG.out	0.000120	27	1822464	Paraburkholderia
./kaiju/13697_32712_179493_H5LVWAFX5_CROPPS_18N_CTTAATAG.out	0.000120	27	2767842	Lactiplantibacillus
./kaiju/13697_32712_179493_H5LVWAFX5_CROPPS_18N_CTTAATAG.out	0.000116	26	191769	Marinilactibacillus
./kaiju/13697_32712_179493_H5LVWAFX5_CROPPS_18N_CTTAATAG.out	0.000102	23	2077	Sporolactobacillus
./kaiju/13697_32712_179493_H5LVWAFX5_CROPPS_18N_CTTAATAG.out	0.000102	23	2803850	Mammaliicoccus
./kaiju/13697_32712_179493_H5LVWAFX5_CROPPS_18N_CTTAATAG.out	0.000098	22	846	Oxalobacter
./kaiju/13697_32712_179493_H5LVWAFX5_CROPPS_18N_CTTAATAG.out	0.000098	22	1883	Streptomyces
./kaiju/13697_32712_179493_H5LVWAFX5_CROPPS_18N_CTTAATAG.out	0.000098	22	32008	Burkholderia
./kaiju/13697_32712_179493_H5LVWAFX5_CROPPS_18N_CTTAATAG.out	0.000098	22	133193	Alkalilimnicola
./kaiju/13697_32712_179493_H5LVWAFX5_CROPPS_18N_CTTAATAG.out	0.000094	21	2685905	Salicibibacter
./kaiju/13697_32712_179493_H5LVWAFX5_CROPPS_18N_CTTAATAG.out	0.000094	21	2767886	Levilactobacillus
./kaiju/13697_32712_179493_H5LVWAFX5_CROPPS_18N_CTTAATAG.out	0.000089	20	1298	Deinococcus
./kaiju/13697_32712_179493_H5LVWAFX5_CROPPS_18N_CTTAATAG.out	0.000080	18	45669	Salinicoccus
./kaiju/13697_32712_179493_H5LVWAFX5_CROPPS_18N_CTTAATAG.out	0.000080	18	53335	Pantoea
./kaiju/13697_32712_179493_H5LVWAFX5_CROPPS_18N_CTTAATAG.out	0.000076	17	186831	Acetoanaerobium
./kaiju/13697_32712_179493_H5LVWAFX5_CROPPS_18N_CTTAATAG.out	0.000076	17	2767879	Companilactobacillus
./kaiju/13697_32712_179493_H5LVWAFX5_CROPPS_18N_CTTAATAG.out	0.000071	16	629	Yersinia
./kaiju/13697_32712_179493_H5LVWAFX5_CROPPS_18N_CTTAATAG.out	0.000071	16	12960	Azoarcus
./kaiju/13697_32712_179493_H5LVWAFX5_CROPPS_18N_CTTAATAG.out	0.000071	16	33042	Coprococcus
./kaiju/13697_32712_179493_H5LVWAFX5_CROPPS_18N_CTTAATAG.out	0.000067	15	209	Helicobacter
./kaiju/13697_32712_179493_H5LVWAFX5_CROPPS_18N_CTTAATAG.out	0.000067	15	2916693	Desulforamulus
./kaiju/13697_32712_179493_H5LVWAFX5_CROPPS_18N_CTTAATAG.out	0.000062	14	2737	Vagococcus
./kaiju/13697_32712_179493_H5LVWAFX5_CROPPS_18N_CTTAATAG.out	0.000062	14	28222	Desulfobacula
./kaiju/13697_32712_179493_H5LVWAFX5_CROPPS_18N_CTTAATAG.out	0.000062	14	44000	Caldicellulosiruptor
./kaiju/13697_32712_179493_H5LVWAFX5_CROPPS_18N_CTTAATAG.out	0.000062	14	69965	Macrococcus
./kaiju/13697_32712_179493_H5LVWAFX5_CROPPS_18N_CTTAATAG.out	0.000062	14	158481	Hahella
./kaiju/13697_32712_179493_H5LVWAFX5_CROPPS_18N_CTTAATAG.out	0.000062	14	236752	Fastidiosipila
./kaiju/13697_32712_179493_H5LVWAFX5_CROPPS_18N_CTTAATAG.out	0.000062	14	365348	Pelosinus
./kaiju/13697_32712_179493_H5LVWAFX5_CROPPS_18N_CTTAATAG.out	0.000062	14	1506553	Lachnoclostridium
./kaiju/13697_32712_179493_H5LVWAFX5_CROPPS_18N_CTTAATAG.out	0.000058	13	2023	Thermoactinomyces
./kaiju/13697_32712_179493_H5LVWAFX5_CROPPS_18N_CTTAATAG.out	0.000058	13	41201	Ewingella
./kaiju/13697_32712_179493_H5LVWAFX5_CROPPS_18N_CTTAATAG.out	0.000058	13	56433	Couchioplanes
./kaiju/13697_32712_179493_H5LVWAFX5_CROPPS_18N_CTTAATAG.out	0.000058	13	83681	Nonomuraea
./kaiju/13697_32712_179493_H5LVWAFX5_CROPPS_18N_CTTAATAG.out	0.000058	13	1006480	Caldinitratiruptor
./kaiju/13697_32712_179493_H5LVWAFX5_CROPPS_18N_CTTAATAG.out	0.000053	12	41275	Brevundimonas
./kaiju/13697_32712_179493_H5LVWAFX5_CROPPS_18N_CTTAATAG.out	0.000053	12	51668	Tetragenococcus
./kaiju/13697_32712_179493_H5LVWAFX5_CROPPS_18N_CTTAATAG.out	0.000053	12	55079	Aneurinibacillus
./kaiju/13697_32712_179493_H5LVWAFX5_CROPPS_18N_CTTAATAG.out	0.000053	12	379065	Caldalkalibacillus
./kaiju/13697_32712_179493_H5LVWAFX5_CROPPS_18N_CTTAATAG.out	0.000049	11	374	Bradyrhizobium
./kaiju/13697_32712_179493_H5LVWAFX5_CROPPS_18N_CTTAATAG.out	0.000049	11	2742	Marinobacter
./kaiju/13697_32712_179493_H5LVWAFX5_CROPPS_18N_CTTAATAG.out	0.000049	11	292635	Laceyella
./kaiju/13697_32712_179493_H5LVWAFX5_CROPPS_18N_CTTAATAG.out	0.000049	11	2483368	Sedimentisphaera
./kaiju/13697_32712_179493_H5LVWAFX5_CROPPS_18N_CTTAATAG.out	0.000045	10	642	Aeromonas
./kaiju/13697_32712_179493_H5LVWAFX5_CROPPS_18N_CTTAATAG.out	0.000045	10	657	Photobacterium
./kaiju/13697_32712_179493_H5LVWAFX5_CROPPS_18N_CTTAATAG.out	0.000045	10	2019	Thermomonospora
./kaiju/13697_32712_179493_H5LVWAFX5_CROPPS_18N_CTTAATAG.out	0.000045	10	73029	Dechloromonas
./kaiju/13697_32712_179493_H5LVWAFX5_CROPPS_18N_CTTAATAG.out	0.000045	10	291988	Thermosediminibacter
./kaiju/13697_32712_179493_H5LVWAFX5_CROPPS_18N_CTTAATAG.out	0.000045	10	2767889	Loigolactobacillus
./kaiju/13697_32712_179493_H5LVWAFX5_CROPPS_18N_CTTAATAG.out	0.000045	10	2840454	Candidatus Formimonas
./kaiju/13697_32712_179493_H5LVWAFX5_CROPPS_18N_CTTAATAG.out	0.000040	9	133	Methylocystis
./kaiju/13697_32712_179493_H5LVWAFX5_CROPPS_18N_CTTAATAG.out	0.000040	9	146	Spirochaeta
./kaiju/13697_32712_179493_H5LVWAFX5_CROPPS_18N_CTTAATAG.out	0.000040	9	28453	Sphingobacterium
./kaiju/13697_32712_179493_H5LVWAFX5_CROPPS_18N_CTTAATAG.out	0.000040	9	40323	Stenotrophomonas
./kaiju/13697_32712_179493_H5LVWAFX5_CROPPS_18N_CTTAATAG.out	0.000040	9	53246	Pseudoalteromonas
./kaiju/13697_32712_179493_H5LVWAFX5_CROPPS_18N_CTTAATAG.out	0.000040	9	83654	Leclercia
./kaiju/13697_32712_179493_H5LVWAFX5_CROPPS_18N_CTTAATAG.out	0.000040	9	155977	Acaryochloris
./kaiju/13697_32712_179493_H5LVWAFX5_CROPPS_18N_CTTAATAG.out	0.000036	8	107	Spirosoma
./kaiju/13697_32712_179493_H5LVWAFX5_CROPPS_18N_CTTAATAG.out	0.000036	8	69578	Cryobacterium
./kaiju/13697_32712_179493_H5LVWAFX5_CROPPS_18N_CTTAATAG.out	0.000036	8	121871	Haloterrigena
./kaiju/13697_32712_179493_H5LVWAFX5_CROPPS_18N_CTTAATAG.out	0.000036	8	175304	Lentibacillus
./kaiju/13697_32712_179493_H5LVWAFX5_CROPPS_18N_CTTAATAG.out	0.000036	8	1274351	Kroppenstedtia
./kaiju/13697_32712_179493_H5LVWAFX5_CROPPS_18N_CTTAATAG.out	0.000036	8	1505663	Erysipelatoclostridium
./kaiju/13697_32712_179493_H5LVWAFX5_CROPPS_18N_CTTAATAG.out	0.000036	8	2100764	Mixta
./kaiju/13697_32712_179493_H5LVWAFX5_CROPPS_18N_CTTAATAG.out	0.000031	7	85	Hyphomonas
./kaiju/13697_32712_179493_H5LVWAFX5_CROPPS_18N_CTTAATAG.out	0.000031	7	416	Methylomonas
./kaiju/13697_32712_179493_H5LVWAFX5_CROPPS_18N_CTTAATAG.out	0.000031	7	830	Butyrivibrio
./kaiju/13697_32712_179493_H5LVWAFX5_CROPPS_18N_CTTAATAG.out	0.000031	7	43668	Brachybacterium
./kaiju/13697_32712_179493_H5LVWAFX5_CROPPS_18N_CTTAATAG.out	0.000031	7	106589	Cupriavidus
./kaiju/13697_32712_179493_H5LVWAFX5_CROPPS_18N_CTTAATAG.out	0.000031	7	1511635	Aquisphaera
./kaiju/13697_32712_179493_H5LVWAFX5_CROPPS_18N_CTTAATAG.out	0.000031	7	1648508	Ciceribacter
./kaiju/13697_32712_179493_H5LVWAFX5_CROPPS_18N_CTTAATAG.out	0.000031	7	2651578	Thermanaerosceptrum
./kaiju/13697_32712_179493_H5LVWAFX5_CROPPS_18N_CTTAATAG.out	0.000027	6	407	Methylobacterium
./kaiju/13697_32712_179493_H5LVWAFX5_CROPPS_18N_CTTAATAG.out	0.000027	6	434	Acetobacter
./kaiju/13697_32712_179493_H5LVWAFX5_CROPPS_18N_CTTAATAG.out	0.000027	6	1152	Pseudanabaena
./kaiju/13697_32712_179493_H5LVWAFX5_CROPPS_18N_CTTAATAG.out	0.000027	6	84565	Sodalis
./kaiju/13697_32712_179493_H5LVWAFX5_CROPPS_18N_CTTAATAG.out	0.000027	6	293088	Martelella
./kaiju/13697_32712_179493_H5LVWAFX5_CROPPS_18N_CTTAATAG.out	0.000027	6	338648	Candidatus Contubernalis
./kaiju/13697_32712_179493_H5LVWAFX5_CROPPS_18N_CTTAATAG.out	0.000027	6	375928	Natranaerobius
./kaiju/13697_32712_179493_H5LVWAFX5_CROPPS_18N_CTTAATAG.out	0.000027	6	881616	Herbiconiux
./kaiju/13697_32712_179493_H5LVWAFX5_CROPPS_18N_CTTAATAG.out	0.000027	6	1229970	Glaciimonas
./kaiju/13697_32712_179493_H5LVWAFX5_CROPPS_18N_CTTAATAG.out	0.000027	6	1348611	Vallitalea
./kaiju/13697_32712_179493_H5LVWAFX5_CROPPS_18N_CTTAATAG.out	0.000027	6	1382832	Telmatocola
./kaiju/13697_32712_179493_H5LVWAFX5_CROPPS_18N_CTTAATAG.out	0.000027	6	1866885	Mycolicibacterium
./kaiju/13697_32712_179493_H5LVWAFX5_CROPPS_18N_CTTAATAG.out	0.000027	6	1874621	Panacibacter
./kaiju/13697_32712_179493_H5LVWAFX5_CROPPS_18N_CTTAATAG.out	0.000027	6	1906659	Candidatus Hoaglandella
./kaiju/13697_32712_179493_H5LVWAFX5_CROPPS_18N_CTTAATAG.out	0.000027	6	2576755	Caproicibacter
./kaiju/13697_32712_179493_H5LVWAFX5_CROPPS_18N_CTTAATAG.out	0.000027	6	2742598	Limosilactobacillus
./kaiju/13697_32712_179493_H5LVWAFX5_CROPPS_18N_CTTAATAG.out	0.000022	5	265	Paracoccus
./kaiju/13697_32712_179493_H5LVWAFX5_CROPPS_18N_CTTAATAG.out	0.000022	5	445	Legionella
./kaiju/13697_32712_179493_H5LVWAFX5_CROPPS_18N_CTTAATAG.out	0.000022	5	745	Pasteurella
./kaiju/13697_32712_179493_H5LVWAFX5_CROPPS_18N_CTTAATAG.out	0.000022	5	841	Roseburia
./kaiju/13697_32712_179493_H5LVWAFX5_CROPPS_18N_CTTAATAG.out	0.000022	5	1378	Gemella
./kaiju/13697_32712_179493_H5LVWAFX5_CROPPS_18N_CTTAATAG.out	0.000022	5	1827	Rhodococcus
./kaiju/13697_32712_179493_H5LVWAFX5_CROPPS_18N_CTTAATAG.out	0.000022	5	153265	Aequorivita
./kaiju/13697_32712_179493_H5LVWAFX5_CROPPS_18N_CTTAATAG.out	0.000022	5	189326	Gelria
./kaiju/13697_32712_179493_H5LVWAFX5_CROPPS_18N_CTTAATAG.out	0.000022	5	235888	Salinibacterium
./kaiju/13697_32712_179493_H5LVWAFX5_CROPPS_18N_CTTAATAG.out	0.000022	5	292486	Avibacterium
./kaiju/13697_32712_179493_H5LVWAFX5_CROPPS_18N_CTTAATAG.out	0.000022	5	1955413	Abyssicoccus
./kaiju/13697_32712_179493_H5LVWAFX5_CROPPS_18N_CTTAATAG.out	0.000022	5	2767877	Apilactobacillus
./kaiju/13697_32712_179493_H5LVWAFX5_CROPPS_18N_CTTAATAG.out	0.000022	5	2767878	Bombilactobacillus
./kaiju/13697_32712_179493_H5LVWAFX5_CROPPS_18N_CTTAATAG.out	0.000022	5	2767881	Fructilactobacillus
./kaiju/13697_32712_179493_H5LVWAFX5_CROPPS_18N_CTTAATAG.out	0.000022	5	2767890	Paucilactobacillus
./kaiju/13697_32712_179493_H5LVWAFX5_CROPPS_18N_CTTAATAG.out	0.000018	4	68	Lysobacter
./kaiju/13697_32712_179493_H5LVWAFX5_CROPPS_18N_CTTAATAG.out	0.000018	4	352	Azotobacter
./kaiju/13697_32712_179493_H5LVWAFX5_CROPPS_18N_CTTAATAG.out	0.000018	4	970	Selenomonas
./kaiju/13697_32712_179493_H5LVWAFX5_CROPPS_18N_CTTAATAG.out	0.000018	4	1988	Actinomadura
./kaiju/13697_32712_179493_H5LVWAFX5_CROPPS_18N_CTTAATAG.out	0.000018	4	28231	Geobacter
./kaiju/13697_32712_179493_H5LVWAFX5_CROPPS_18N_CTTAATAG.out	0.000018	4	32207	Rothia
./kaiju/13697_32712_179493_H5LVWAFX5_CROPPS_18N_CTTAATAG.out	0.000018	4	36853	Desulfitobacterium
./kaiju/13697_32712_179493_H5LVWAFX5_CROPPS_18N_CTTAATAG.out	0.000018	4	46913	Devosia
./kaiju/13697_32712_179493_H5LVWAFX5_CROPPS_18N_CTTAATAG.out	0.000018	4	82986	Tatumella
./kaiju/13697_32712_179493_H5LVWAFX5_CROPPS_18N_CTTAATAG.out	0.000018	4	83614	Luteimonas
./kaiju/13697_32712_179493_H5LVWAFX5_CROPPS_18N_CTTAATAG.out	0.000018	4	110932	Leifsonia
./kaiju/13697_32712_179493_H5LVWAFX5_CROPPS_18N_CTTAATAG.out	0.000018	4	140458	Thermacetogenium
./kaiju/13697_32712_179493_H5LVWAFX5_CROPPS_18N_CTTAATAG.out	0.000018	4	146784	Bacteriovorax
./kaiju/13697_32712_179493_H5LVWAFX5_CROPPS_18N_CTTAATAG.out	0.000018	4	165695	Sphingobium
./kaiju/13697_32712_179493_H5LVWAFX5_CROPPS_18N_CTTAATAG.out	0.000018	4	203804	Candidatus Blochmannia
./kaiju/13697_32712_179493_H5LVWAFX5_CROPPS_18N_CTTAATAG.out	0.000018	4	246861	Grimontia
./kaiju/13697_32712_179493_H5LVWAFX5_CROPPS_18N_CTTAATAG.out	0.000018	4	404432	Salinicola
./kaiju/13697_32712_179493_H5LVWAFX5_CROPPS_18N_CTTAATAG.out	0.000018	4	1004303	Ferruginibacter
./kaiju/13697_32712_179493_H5LVWAFX5_CROPPS_18N_CTTAATAG.out	0.000018	4	1524217	Labilithrix
./kaiju/13697_32712_179493_H5LVWAFX5_CROPPS_18N_CTTAATAG.out	0.000018	4	1769729	Hathewaya
./kaiju/13697_32712_179493_H5LVWAFX5_CROPPS_18N_CTTAATAG.out	0.000018	4	1775705	Frigidibacter
./kaiju/13697_32712_179493_H5LVWAFX5_CROPPS_18N_CTTAATAG.out	0.000018	4	2060094	Aminipila
./kaiju/13697_32712_179493_H5LVWAFX5_CROPPS_18N_CTTAATAG.out	0.000018	4	2689589	Staphylospora
./kaiju/13697_32712_179493_H5LVWAFX5_CROPPS_18N_CTTAATAG.out	0.000018	4	2692417	Ktedonosporobacter
./kaiju/13697_32712_179493_H5LVWAFX5_CROPPS_18N_CTTAATAG.out	0.000018	4	2767885	Latilactobacillus
./kaiju/13697_32712_179493_H5LVWAFX5_CROPPS_18N_CTTAATAG.out	0.000013	3	586	Providencia
./kaiju/13697_32712_179493_H5LVWAFX5_CROPPS_18N_CTTAATAG.out	0.000013	3	635	Edwardsiella
./kaiju/13697_32712_179493_H5LVWAFX5_CROPPS_18N_CTTAATAG.out	0.000013	3	713	Actinobacillus
./kaiju/13697_32712_179493_H5LVWAFX5_CROPPS_18N_CTTAATAG.out	0.000013	3	848	Fusobacterium
./kaiju/13697_32712_179493_H5LVWAFX5_CROPPS_18N_CTTAATAG.out	0.000013	3	1243	Leuconostoc
./kaiju/13697_32712_179493_H5LVWAFX5_CROPPS_18N_CTTAATAG.out	0.000013	3	1269	Micrococcus
./kaiju/13697_32712_179493_H5LVWAFX5_CROPPS_18N_CTTAATAG.out	0.000013	3	1647	Erysipelothrix
./kaiju/13697_32712_179493_H5LVWAFX5_CROPPS_18N_CTTAATAG.out	0.000013	3	1754	Thermoanaerobacter
./kaiju/13697_32712_179493_H5LVWAFX5_CROPPS_18N_CTTAATAG.out	0.000013	3	1813	Amycolatopsis
./kaiju/13697_32712_179493_H5LVWAFX5_CROPPS_18N_CTTAATAG.out	0.000013	3	2745	Halomonas
./kaiju/13697_32712_179493_H5LVWAFX5_CROPPS_18N_CTTAATAG.out	0.000013	3	2755	Brochothrix
./kaiju/13697_32712_179493_H5LVWAFX5_CROPPS_18N_CTTAATAG.out	0.000013	3	29393	Dolosigranulum
./kaiju/13697_32712_179493_H5LVWAFX5_CROPPS_18N_CTTAATAG.out	0.000013	3	33969	Melissococcus
./kaiju/13697_32712_179493_H5LVWAFX5_CROPPS_18N_CTTAATAG.out	0.000013	3	40566	Actinosynnema
./kaiju/13697_32712_179493_H5LVWAFX5_CROPPS_18N_CTTAATAG.out	0.000013	3	65551	Meiothermus
./kaiju/13697_32712_179493_H5LVWAFX5_CROPPS_18N_CTTAATAG.out	0.000013	3	76632	Thermobacillus
./kaiju/13697_32712_179493_H5LVWAFX5_CROPPS_18N_CTTAATAG.out	0.000013	3	81682	Methylovorus
./kaiju/13697_32712_179493_H5LVWAFX5_CROPPS_18N_CTTAATAG.out	0.000013	3	120831	Dyadobacter
./kaiju/13697_32712_179493_H5LVWAFX5_CROPPS_18N_CTTAATAG.out	0.000013	3	165697	Sphingopyxis
./kaiju/13697_32712_179493_H5LVWAFX5_CROPPS_18N_CTTAATAG.out	0.000013	3	178898	Carboxydocella
./kaiju/13697_32712_179493_H5LVWAFX5_CROPPS_18N_CTTAATAG.out	0.000013	3	359336	Castellaniella
./kaiju/13697_32712_179493_H5LVWAFX5_CROPPS_18N_CTTAATAG.out	0.000013	3	378210	Methyloversatilis
./kaiju/13697_32712_179493_H5LVWAFX5_CROPPS_18N_CTTAATAG.out	0.000013	3	442430	Coraliomargarita
./kaiju/13697_32712_179493_H5LVWAFX5_CROPPS_18N_CTTAATAG.out	0.000013	3	1481960	Peptoclostridium
./kaiju/13697_32712_179493_H5LVWAFX5_CROPPS_18N_CTTAATAG.out	0.000013	3	1508657	Ruminiclostridium
./kaiju/13697_32712_179493_H5LVWAFX5_CROPPS_18N_CTTAATAG.out	0.000013	3	1511648	Defluviitoga
./kaiju/13697_32712_179493_H5LVWAFX5_CROPPS_18N_CTTAATAG.out	0.000013	3	2126548	Miniphocaeibacter
./kaiju/13697_32712_179493_H5LVWAFX5_CROPPS_18N_CTTAATAG.out	0.000013	3	2807414	Anatilimnocola
./kaiju/13697_32712_179493_H5LVWAFX5_CROPPS_18N_CTTAATAG.out	0.000013	3	2838170	Alkalicella
./kaiju/13697_32712_179493_H5LVWAFX5_CROPPS_18N_CTTAATAG.out	0.000013	3	2975521	Xianfuyuplasma
./kaiju/13697_32712_179493_H5LVWAFX5_CROPPS_18N_CTTAATAG.out	0.000009	2	157	Treponema
./kaiju/13697_32712_179493_H5LVWAFX5_CROPPS_18N_CTTAATAG.out	0.000009	2	357	Agrobacterium
./kaiju/13697_32712_179493_H5LVWAFX5_CROPPS_18N_CTTAATAG.out	0.000009	2	579	Kluyvera
./kaiju/13697_32712_179493_H5LVWAFX5_CROPPS_18N_CTTAATAG.out	0.000009	2	864	Pectinatus
./kaiju/13697_32712_179493_H5LVWAFX5_CROPPS_18N_CTTAATAG.out	0.000009	2	890	Desulfuromonas
./kaiju/13697_32712_179493_H5LVWAFX5_CROPPS_18N_CTTAATAG.out	0.000009	2	1129	Synechococcus
./kaiju/13697_32712_179493_H5LVWAFX5_CROPPS_18N_CTTAATAG.out	0.000009	2	1854	Frankia
./kaiju/13697_32712_179493_H5LVWAFX5_CROPPS_18N_CTTAATAG.out	0.000009	2	1865	Actinoplanes
./kaiju/13697_32712_179493_H5LVWAFX5_CROPPS_18N_CTTAATAG.out	0.000009	2	28065	Rhodoferax
./kaiju/13697_32712_179493_H5LVWAFX5_CROPPS_18N_CTTAATAG.out	0.000009	2	29548	Rhodothermus
./kaiju/13697_32712_179493_H5LVWAFX5_CROPPS_18N_CTTAATAG.out	0.000009	2	40544	Sutterella
./kaiju/13697_32712_179493_H5LVWAFX5_CROPPS_18N_CTTAATAG.out	0.000009	2	43673	Jonesia
./kaiju/13697_32712_179493_H5LVWAFX5_CROPPS_18N_CTTAATAG.out	0.000009	2	46254	Oenococcus
./kaiju/13697_32712_179493_H5LVWAFX5_CROPPS_18N_CTTAATAG.out	0.000009	2	48075	Marinobacterium
./kaiju/13697_32712_179493_H5LVWAFX5_CROPPS_18N_CTTAATAG.out	0.000009	2	60136	Sulfitobacter
./kaiju/13697_32712_179493_H5LVWAFX5_CROPPS_18N_CTTAATAG.out	0.000009	2	72763	Tessaracoccus
./kaiju/13697_32712_179493_H5LVWAFX5_CROPPS_18N_CTTAATAG.out	0.000009	2	84567	Pedobacter
./kaiju/13697_32712_179493_H5LVWAFX5_CROPPS_18N_CTTAATAG.out	0.000009	2	91914	Asaia
./kaiju/13697_32712_179493_H5LVWAFX5_CROPPS_18N_CTTAATAG.out	0.000009	2	117563	Granulicatella
./kaiju/13697_32712_179493_H5LVWAFX5_CROPPS_18N_CTTAATAG.out	0.000009	2	158876	Yokenella
./kaiju/13697_32712_179493_H5LVWAFX5_CROPPS_18N_CTTAATAG.out	0.000009	2	182899	Persephonella
./kaiju/13697_32712_179493_H5LVWAFX5_CROPPS_18N_CTTAATAG.out	0.000009	2	214904	Tepidibacter
./kaiju/13697_32712_179493_H5LVWAFX5_CROPPS_18N_CTTAATAG.out	0.000009	2	219181	Ottowia
./kaiju/13697_32712_179493_H5LVWAFX5_CROPPS_18N_CTTAATAG.out	0.000009	2	246875	Algoriphagus
./kaiju/13697_32712_179493_H5LVWAFX5_CROPPS_18N_CTTAATAG.out	0.000009	2	423349	Mucilaginibacter
./kaiju/13697_32712_179493_H5LVWAFX5_CROPPS_18N_CTTAATAG.out	0.000009	2	467975	Iamia
./kaiju/13697_32712_179493_H5LVWAFX5_CROPPS_18N_CTTAATAG.out	0.000009	2	478070	Labrenzia
./kaiju/13697_32712_179493_H5LVWAFX5_CROPPS_18N_CTTAATAG.out	0.000009	2	489909	Nosocomiicoccus
./kaiju/13697_32712_179493_H5LVWAFX5_CROPPS_18N_CTTAATAG.out	0.000009	2	698776	Cellulosilyticum
./kaiju/13697_32712_179493_H5LVWAFX5_CROPPS_18N_CTTAATAG.out	0.000009	2	754249	Luteimicrobium
./kaiju/13697_32712_179493_H5LVWAFX5_CROPPS_18N_CTTAATAG.out	0.000009	2	1335483	Shimwellia
./kaiju/13697_32712_179493_H5LVWAFX5_CROPPS_18N_CTTAATAG.out	0.000009	2	1379908	Rufibacter
./kaiju/13697_32712_179493_H5LVWAFX5_CROPPS_18N_CTTAATAG.out	0.000009	2	1433986	Actibacterium
./kaiju/13697_32712_179493_H5LVWAFX5_CROPPS_18N_CTTAATAG.out	0.000009	2	1505664	Gottschalkia
./kaiju/13697_32712_179493_H5LVWAFX5_CROPPS_18N_CTTAATAG.out	0.000009	2	1906661	Candidatus Gullanella
./kaiju/13697_32712_179493_H5LVWAFX5_CROPPS_18N_CTTAATAG.out	0.000009	2	2039723	Thiomicrorhabdus
./kaiju/13697_32712_179493_H5LVWAFX5_CROPPS_18N_CTTAATAG.out	0.000009	2	2175957	Ruficoccus
./kaiju/13697_32712_179493_H5LVWAFX5_CROPPS_18N_CTTAATAG.out	0.000009	2	2767888	Liquorilactobacillus
./kaiju/13697_32712_179493_H5LVWAFX5_CROPPS_18N_CTTAATAG.out	0.000009	2	2789775	Actinomarinicola
./kaiju/13697_32712_179493_H5LVWAFX5_CROPPS_18N_CTTAATAG.out	0.000009	2	2910984	Solidesulfovibrio
./kaiju/13697_32712_179493_H5LVWAFX5_CROPPS_18N_CTTAATAG.out	0.000009	2	2978367	Nicolia
./kaiju/13697_32712_179493_H5LVWAFX5_CROPPS_18N_CTTAATAG.out	0.000004	1	22	Shewanella
./kaiju/13697_32712_179493_H5LVWAFX5_CROPPS_18N_CTTAATAG.out	0.000004	1	42	Cystobacter
./kaiju/13697_32712_179493_H5LVWAFX5_CROPPS_18N_CTTAATAG.out	0.000004	1	53	Nannocystis
./kaiju/13697_32712_179493_H5LVWAFX5_CROPPS_18N_CTTAATAG.out	0.000004	1	113	Gemmata
./kaiju/13697_32712_179493_H5LVWAFX5_CROPPS_18N_CTTAATAG.out	0.000004	1	179	Leptospirillum
./kaiju/13697_32712_179493_H5LVWAFX5_CROPPS_18N_CTTAATAG.out	0.000004	1	191	Azospirillum
./kaiju/13697_32712_179493_H5LVWAFX5_CROPPS_18N_CTTAATAG.out	0.000004	1	226	Alteromonas
./kaiju/13697_32712_179493_H5LVWAFX5_CROPPS_18N_CTTAATAG.out	0.000004	1	497	Psychrobacter
./kaiju/13697_32712_179493_H5LVWAFX5_CROPPS_18N_CTTAATAG.out	0.000004	1	517	Bordetella
./kaiju/13697_32712_179493_H5LVWAFX5_CROPPS_18N_CTTAATAG.out	0.000004	1	581	Morganella
./kaiju/13697_32712_179493_H5LVWAFX5_CROPPS_18N_CTTAATAG.out	0.000004	1	780	Rickettsia
./kaiju/13697_32712_179493_H5LVWAFX5_CROPPS_18N_CTTAATAG.out	0.000004	1	836	Porphyromonas
./kaiju/13697_32712_179493_H5LVWAFX5_CROPPS_18N_CTTAATAG.out	0.000004	1	862	Syntrophomonas
./kaiju/13697_32712_179493_H5LVWAFX5_CROPPS_18N_CTTAATAG.out	0.000004	1	893	Desulfobulbus
./kaiju/13697_32712_179493_H5LVWAFX5_CROPPS_18N_CTTAATAG.out	0.000004	1	953	Wolbachia
./kaiju/13697_32712_179493_H5LVWAFX5_CROPPS_18N_CTTAATAG.out	0.000004	1	1198	Phormidium
./kaiju/13697_32712_179493_H5LVWAFX5_CROPPS_18N_CTTAATAG.out	0.000004	1	1234	Nitrospira
./kaiju/13697_32712_179493_H5LVWAFX5_CROPPS_18N_CTTAATAG.out	0.000004	1	1380	Atopobium
./kaiju/13697_32712_179493_H5LVWAFX5_CROPPS_18N_CTTAATAG.out	0.000004	1	1740	Thermodesulfobacterium
./kaiju/13697_32712_179493_H5LVWAFX5_CROPPS_18N_CTTAATAG.out	0.000004	1	2422	Fervidobacterium
./kaiju/13697_32712_179493_H5LVWAFX5_CROPPS_18N_CTTAATAG.out	0.000004	1	2733	Symbiobacterium
./kaiju/13697_32712_179493_H5LVWAFX5_CROPPS_18N_CTTAATAG.out	0.000004	1	13134	Magnetospirillum
./kaiju/13697_32712_179493_H5LVWAFX5_CROPPS_18N_CTTAATAG.out	0.000004	1	29404	Microlunatus
./kaiju/13697_32712_179493_H5LVWAFX5_CROPPS_18N_CTTAATAG.out	0.000004	1	29487	Photorhabdus
./kaiju/13697_32712_179493_H5LVWAFX5_CROPPS_18N_CTTAATAG.out	0.000004	1	32067	Leptotrichia
./kaiju/13697_32712_179493_H5LVWAFX5_CROPPS_18N_CTTAATAG.out	0.000004	1	33073	Zymobacter
./kaiju/13697_32712_179493_H5LVWAFX5_CROPPS_18N_CTTAATAG.out	0.000004	1	33877	Agromyces
./kaiju/13697_32712_179493_H5LVWAFX5_CROPPS_18N_CTTAATAG.out	0.000004	1	33882	Microbacterium
./kaiju/13697_32712_179493_H5LVWAFX5_CROPPS_18N_CTTAATAG.out	0.000004	1	34008	Rhodovulum
./kaiju/13697_32712_179493_H5LVWAFX5_CROPPS_18N_CTTAATAG.out	0.000004	1	34072	Variovorax
./kaiju/13697_32712_179493_H5LVWAFX5_CROPPS_18N_CTTAATAG.out	0.000004	1	35829	Acetivibrio
./kaiju/13697_32712_179493_H5LVWAFX5_CROPPS_18N_CTTAATAG.out	0.000004	1	42417	Halobacteroides
./kaiju/13697_32712_179493_H5LVWAFX5_CROPPS_18N_CTTAATAG.out	0.000004	1	44259	Filifactor
./kaiju/13697_32712_179493_H5LVWAFX5_CROPPS_18N_CTTAATAG.out	0.000004	1	46200	Geovibrio
./kaiju/13697_32712_179493_H5LVWAFX5_CROPPS_18N_CTTAATAG.out	0.000004	1	46239	Mesoplasma
./kaiju/13697_32712_179493_H5LVWAFX5_CROPPS_18N_CTTAATAG.out	0.000004	1	47251	Leptolyngbya
./kaiju/13697_32712_179493_H5LVWAFX5_CROPPS_18N_CTTAATAG.out	0.000004	1	48073	Microbulbifer
./kaiju/13697_32712_179493_H5LVWAFX5_CROPPS_18N_CTTAATAG.out	0.000004	1	52959	Polaribacter
./kaiju/13697_32712_179493_H5LVWAFX5_CROPPS_18N_CTTAATAG.out	0.000004	1	53634	Acidimicrobium
./kaiju/13697_32712_179493_H5LVWAFX5_CROPPS_18N_CTTAATAG.out	0.000004	1	54304	Planktothrix
./kaiju/13697_32712_179493_H5LVWAFX5_CROPPS_18N_CTTAATAG.out	0.000004	1	59739	Flammeovirga
./kaiju/13697_32712_179493_H5LVWAFX5_CROPPS_18N_CTTAATAG.out	0.000004	1	71655	Brenneria
./kaiju/13697_32712_179493_H5LVWAFX5_CROPPS_18N_CTTAATAG.out	0.000004	1	73918	Thermaerobacter
./kaiju/13697_32712_179493_H5LVWAFX5_CROPPS_18N_CTTAATAG.out	0.000004	1	75905	Thermocrinis
./kaiju/13697_32712_179493_H5LVWAFX5_CROPPS_18N_CTTAATAG.out	0.000004	1	79328	Chitinophaga
./kaiju/13697_32712_179493_H5LVWAFX5_CROPPS_18N_CTTAATAG.out	0.000004	1	84111	Eggerthella
./kaiju/13697_32712_179493_H5LVWAFX5_CROPPS_18N_CTTAATAG.out	0.000004	1	85413	Bosea
./kaiju/13697_32712_179493_H5LVWAFX5_CROPPS_18N_CTTAATAG.out	0.000004	1	89966	Hymenobacter
./kaiju/13697_32712_179493_H5LVWAFX5_CROPPS_18N_CTTAATAG.out	0.000004	1	93217	Pandoraea
./kaiju/13697_32712_179493_H5LVWAFX5_CROPPS_18N_CTTAATAG.out	0.000004	1	109168	Desulfotalea
./kaiju/13697_32712_179493_H5LVWAFX5_CROPPS_18N_CTTAATAG.out	0.000004	1	115782	Trichlorobacter
./kaiju/13697_32712_179493_H5LVWAFX5_CROPPS_18N_CTTAATAG.out	0.000004	1	117999	Denitrovibrio
./kaiju/13697_32712_179493_H5LVWAFX5_CROPPS_18N_CTTAATAG.out	0.000004	1	147067	Thermobispora
./kaiju/13697_32712_179493_H5LVWAFX5_CROPPS_18N_CTTAATAG.out	0.000004	1	152267	Pigmentiphaga
./kaiju/13697_32712_179493_H5LVWAFX5_CROPPS_18N_CTTAATAG.out	0.000004	1	158483	Cedecea
./kaiju/13697_32712_179493_H5LVWAFX5_CROPPS_18N_CTTAATAG.out	0.000004	1	158848	Moellerella
./kaiju/13697_32712_179493_H5LVWAFX5_CROPPS_18N_CTTAATAG.out	0.000004	1	161492	Anaeromyxobacter
./kaiju/13697_32712_179493_H5LVWAFX5_CROPPS_18N_CTTAATAG.out	0.000004	1	162027	Haliangium
./kaiju/13697_32712_179493_H5LVWAFX5_CROPPS_18N_CTTAATAG.out	0.000004	1	165696	Novosphingobium
./kaiju/13697_32712_179493_H5LVWAFX5_CROPPS_18N_CTTAATAG.out	0.000004	1	171436	Tistrella
./kaiju/13697_32712_179493_H5LVWAFX5_CROPPS_18N_CTTAATAG.out	0.000004	1	178440	Opitutus
./kaiju/13697_32712_179493_H5LVWAFX5_CROPPS_18N_CTTAATAG.out	0.000004	1	180162	Cetobacterium
./kaiju/13697_32712_179493_H5LVWAFX5_CROPPS_18N_CTTAATAG.out	0.000004	1	190972	Sedimentibacter
./kaiju/13697_32712_179493_H5LVWAFX5_CROPPS_18N_CTTAATAG.out	0.000004	1	191301	Caminibacter
./kaiju/13697_32712_179493_H5LVWAFX5_CROPPS_18N_CTTAATAG.out	0.000004	1	196082	Parascardovia
./kaiju/13697_32712_179493_H5LVWAFX5_CROPPS_18N_CTTAATAG.out	0.000004	1	198346	Candidatus Baumannia
./kaiju/13697_32712_179493_H5LVWAFX5_CROPPS_18N_CTTAATAG.out	0.000004	1	204286	Cobetia
./kaiju/13697_32712_179493_H5LVWAFX5_CROPPS_18N_CTTAATAG.out	0.000004	1	240411	Chitinimonas
./kaiju/13697_32712_179493_H5LVWAFX5_CROPPS_18N_CTTAATAG.out	0.000004	1	252356	Maribacter
./kaiju/13697_32712_179493_H5LVWAFX5_CROPPS_18N_CTTAATAG.out	0.000004	1	252965	Mahella
./kaiju/13697_32712_179493_H5LVWAFX5_CROPPS_18N_CTTAATAG.out	0.000004	1	253238	Ethanoligenens
./kaiju/13697_32712_179493_H5LVWAFX5_CROPPS_18N_CTTAATAG.out	0.000004	1	265976	Serinicoccus
./kaiju/13697_32712_179493_H5LVWAFX5_CROPPS_18N_CTTAATAG.out	0.000004	1	273135	Candidatus Cardinium
./kaiju/13697_32712_179493_H5LVWAFX5_CROPPS_18N_CTTAATAG.out	0.000004	1	282132	Candidatus Protochlamydia
./kaiju/13697_32712_179493_H5LVWAFX5_CROPPS_18N_CTTAATAG.out	0.000004	1	290425	Advenella
./kaiju/13697_32712_179493_H5LVWAFX5_CROPPS_18N_CTTAATAG.out	0.000004	1	305976	Pusillimonas
./kaiju/13697_32712_179493_H5LVWAFX5_CROPPS_18N_CTTAATAG.out	0.000004	1	376469	Olivibacter
./kaiju/13697_32712_179493_H5LVWAFX5_CROPPS_18N_CTTAATAG.out	0.000004	1	392733	Terriglobus
./kaiju/13697_32712_179493_H5LVWAFX5_CROPPS_18N_CTTAATAG.out	0.000004	1	396811	Fulvivirga
./kaiju/13697_32712_179493_H5LVWAFX5_CROPPS_18N_CTTAATAG.out	0.000004	1	398041	Flavisolibacter
./kaiju/13697_32712_179493_H5LVWAFX5_CROPPS_18N_CTTAATAG.out	0.000004	1	400060	Paludibacterium
./kaiju/13697_32712_179493_H5LVWAFX5_CROPPS_18N_CTTAATAG.out	0.000004	1	466152	Singulisphaera
./kaiju/13697_32712_179493_H5LVWAFX5_CROPPS_18N_CTTAATAG.out	0.000004	1	472825	Candidatus Purcelliella
./kaiju/13697_32712_179493_H5LVWAFX5_CROPPS_18N_CTTAATAG.out	0.000004	1	515417	Amphritea
./kaiju/13697_32712_179493_H5LVWAFX5_CROPPS_18N_CTTAATAG.out	0.000004	1	518753	Luteolibacter
./kaiju/13697_32712_179493_H5LVWAFX5_CROPPS_18N_CTTAATAG.out	0.000004	1	568987	Candidatus Hamiltonella
./kaiju/13697_32712_179493_H5LVWAFX5_CROPPS_18N_CTTAATAG.out	0.000004	1	745410	Gallaecimonas
./kaiju/13697_32712_179493_H5LVWAFX5_CROPPS_18N_CTTAATAG.out	0.000004	1	929812	Gibbsiella
./kaiju/13697_32712_179493_H5LVWAFX5_CROPPS_18N_CTTAATAG.out	0.000004	1	1048757	Candidatus Moranella
./kaiju/13697_32712_179493_H5LVWAFX5_CROPPS_18N_CTTAATAG.out	0.000004	1	1082702	Lonsdalea
./kaiju/13697_32712_179493_H5LVWAFX5_CROPPS_18N_CTTAATAG.out	0.000004	1	1085622	Propioniciclava
./kaiju/13697_32712_179493_H5LVWAFX5_CROPPS_18N_CTTAATAG.out	0.000004	1	1177214	Candidatus Profftia
./kaiju/13697_32712_179493_H5LVWAFX5_CROPPS_18N_CTTAATAG.out	0.000004	1	1330545	Lelliottia
./kaiju/13697_32712_179493_H5LVWAFX5_CROPPS_18N_CTTAATAG.out	0.000004	1	1330546	Pluralibacter
./kaiju/13697_32712_179493_H5LVWAFX5_CROPPS_18N_CTTAATAG.out	0.000004	1	1504576	Pseudocitrobacter
./kaiju/13697_32712_179493_H5LVWAFX5_CROPPS_18N_CTTAATAG.out	0.000004	1	1643951	Pseudothermotoga
./kaiju/13697_32712_179493_H5LVWAFX5_CROPPS_18N_CTTAATAG.out	0.000004	1	1648491	Aquihabitans
./kaiju/13697_32712_179493_H5LVWAFX5_CROPPS_18N_CTTAATAG.out	0.000004	1	1649475	Paludibaculum
./kaiju/13697_32712_179493_H5LVWAFX5_CROPPS_18N_CTTAATAG.out	0.000004	1	1663717	Herbinix
./kaiju/13697_32712_179493_H5LVWAFX5_CROPPS_18N_CTTAATAG.out	0.000004	1	1742974	Pyruvatibacter
./kaiju/13697_32712_179493_H5LVWAFX5_CROPPS_18N_CTTAATAG.out	0.000004	1	1745211	Chania
./kaiju/13697_32712_179493_H5LVWAFX5_CROPPS_18N_CTTAATAG.out	0.000004	1	1759331	Cnuibacter
./kaiju/13697_32712_179493_H5LVWAFX5_CROPPS_18N_CTTAATAG.out	0.000004	1	1792291	Marinagarivorans
./kaiju/13697_32712_179493_H5LVWAFX5_CROPPS_18N_CTTAATAG.out	0.000004	1	1808977	Candidatus Methylospira
./kaiju/13697_32712_179493_H5LVWAFX5_CROPPS_18N_CTTAATAG.out	0.000004	1	1849822	Paraclostridium
./kaiju/13697_32712_179493_H5LVWAFX5_CROPPS_18N_CTTAATAG.out	0.000004	1	1926556	Emergencia
./kaiju/13697_32712_179493_H5LVWAFX5_CROPPS_18N_CTTAATAG.out	0.000004	1	2004797	Luteitalea
./kaiju/13697_32712_179493_H5LVWAFX5_CROPPS_18N_CTTAATAG.out	0.000004	1	2035811	Pseudodesulfovibrio
./kaiju/13697_32712_179493_H5LVWAFX5_CROPPS_18N_CTTAATAG.out	0.000004	1	2039240	Anaerotignum
./kaiju/13697_32712_179493_H5LVWAFX5_CROPPS_18N_CTTAATAG.out	0.000004	1	2041902	Chenggangzhangella
./kaiju/13697_32712_179493_H5LVWAFX5_CROPPS_18N_CTTAATAG.out	0.000004	1	2042066	Paraphotobacterium
./kaiju/13697_32712_179493_H5LVWAFX5_CROPPS_18N_CTTAATAG.out	0.000004	1	2303528	Thermoleptolyngbya
./kaiju/13697_32712_179493_H5LVWAFX5_CROPPS_18N_CTTAATAG.out	0.000004	1	2304691	Thermoclostridium
./kaiju/13697_32712_179493_H5LVWAFX5_CROPPS_18N_CTTAATAG.out	0.000004	1	2603324	Acidibrevibacterium
./kaiju/13697_32712_179493_H5LVWAFX5_CROPPS_18N_CTTAATAG.out	0.000004	1	2678529	Kineobactrum
./kaiju/13697_32712_179493_H5LVWAFX5_CROPPS_18N_CTTAATAG.out	0.000004	1	2679910	Intestinibaculum
./kaiju/13697_32712_179493_H5LVWAFX5_CROPPS_18N_CTTAATAG.out	0.000004	1	2690159	Anaerohalosphaera
./kaiju/13697_32712_179493_H5LVWAFX5_CROPPS_18N_CTTAATAG.out	0.000004	1	2759736	Lacticaseibacillus
./kaiju/13697_32712_179493_H5LVWAFX5_CROPPS_18N_CTTAATAG.out	0.000004	1	2766927	Persicimonas
./kaiju/13697_32712_179493_H5LVWAFX5_CROPPS_18N_CTTAATAG.out	0.000004	1	2782229	Epilithonimonas
./kaiju/13697_32712_179493_H5LVWAFX5_CROPPS_18N_CTTAATAG.out	0.000004	1	2782231	Kaistella
./kaiju/13697_32712_179493_H5LVWAFX5_CROPPS_18N_CTTAATAG.out	0.000004	1	2803301	Poriferisphaera
./kaiju/13697_32712_179493_H5LVWAFX5_CROPPS_18N_CTTAATAG.out	0.000004	1	2810357	Jinshanibacter
./kaiju/13697_32712_179493_H5LVWAFX5_CROPPS_18N_CTTAATAG.out	0.000004	1	2812025	Syntrophotalea
./kaiju/13697_32712_179493_H5LVWAFX5_CROPPS_18N_CTTAATAG.out	0.000004	1	2831443	Heliomicrobium
./kaiju/13697_32712_179493_H5LVWAFX5_CROPPS_18N_CTTAATAG.out	0.000004	1	2885697	Gephyromycinifex
./kaiju/13697_32712_179493_H5LVWAFX5_CROPPS_18N_CTTAATAG.out	0.000004	1	2899804	Iocasia
./kaiju/13697_32712_179493_H5LVWAFX5_CROPPS_18N_CTTAATAG.out	0.000004	1	2910589	Geotalea
./kaiju/13697_32712_179493_H5LVWAFX5_CROPPS_18N_CTTAATAG.out	0.000004	1	2917830	Leptothermofonsia
./kaiju/13697_32712_179493_H5LVWAFX5_CROPPS_18N_CTTAATAG.out	0.000004	1	2951107	Leadbettera
./kaiju/13697_32712_179493_H5LVWAFX5_CROPPS_18N_CTTAATAG.out	0.000004	1	2976759	Capillimicrobium
./kaiju/13697_32712_179493_H5LVWAFX5_CROPPS_18N_CTTAATAG.out	0.000004	1	2987594	Rasiella
./kaiju/13697_32712_179493_H5LVWAFX5_CROPPS_18N_CTTAATAG.out	0.000004	1	2997360	Anaeropeptidivorans
./kaiju/13697_32712_179493_H5LVWAFX5_CROPPS_18N_CTTAATAG.out	0.000365	82	10239	Viruses
./kaiju/13697_32712_179493_H5LVWAFX5_CROPPS_18N_CTTAATAG.out	3.594741	806700	NA	cannot be assigned to a (non-viral) genus
./kaiju/13697_32712_179493_H5LVWAFX5_CROPPS_18N_CTTAATAG.out	47.962722	10763369	NA	unclassified
